,c2a,dbo,vio,def
CB-Loss-Beta-0.9999,0.7930792663972646,0.40825147266823364,0.23832584799914977,0.5046821222157283
