c2a_f1,dbo_f1,vio_f1,def_f1,model,config
0.8186413051718648,0.2562189446207047,0.16472133060986285,0.4956357288332848,FacebookAI/xlm-roberta-base,bottom_half
0.8225055035068858,0.284059150054,0.16472133060986285,0.4956357288332848,FacebookAI/xlm-roberta-base,top_only
0.8046839790160625,0.28478400726959646,0.19890709154512834,0.4956357288332848,google-bert/bert-base-german-cased,bottom_half
0.7821711676806601,0.3013443033560026,0.17487042049213677,0.49548894062863796,google-bert/bert-base-german-cased,top_only
