Task,Agreement_Rate,F1_on_Agreement,F1_on_Disagreement
c2a,0.9359676954139025,0.8462107803700725,0.3579142304251025
dbo,0.9051052783386213,0.33138360582546394,0.16036739265521555
vio,0.9529852898759734,0.17772796272107882,0.029721876297218765
def,0.9841361407556966,0.5127362922319516,0.09060846560846561
